City_ID,City,Lat,Lng,Max Temp,Humidity,Cloudiness,Wind Speed,Country,Date
0,olonkinbyen,70.9221,-8.7187,4.59,92,100,7.48,SJ,1691530563
1,howrah,22.5892,88.3103,27.0,94,75,2.06,IN,1691530594
2,tiksi,71.6872,128.8694,15.04,53,9,1.47,RU,1691530330
3,bethel,41.3712,-73.414,26.2,63,40,5.14,US,1691530560
4,thompson,55.7435,-97.8558,14.09,82,100,4.63,CA,1691530355
5,atafu village,-8.5421,-172.5159,28.66,69,90,5.4,TK,1691530362
6,andkhoy,36.9529,65.1238,27.46,27,0,3.57,AF,1691530888
7,avarua,-21.2078,-159.775,23.03,60,20,3.6,CK,1691530557
8,tralee,52.2704,-9.7026,15.79,96,100,1.59,IE,1691530888
9,bilibino,68.0546,166.4372,4.58,64,100,2.89,RU,1691530565
10,puerto ayora,-0.7393,-90.3518,28.98,86,58,3.13,EC,1691530292
11,port-aux-francais,-49.35,70.2167,1.05,69,94,9.67,TF,1691530554
12,knyazhichi,50.4627,30.7837,18.22,95,100,2.82,UA,1691530889
13,rusape,-18.5278,32.1284,8.3,64,0,1.85,ZW,1691530889
14,blackmans bay,-43.0167,147.3167,3.07,94,39,2.98,AU,1691530554
15,caibarien,22.5206,-79.4669,34.62,76,13,7.32,CU,1691530889
16,cruzeiro do sul,-29.5128,-51.9853,18.07,71,100,2.66,BR,1691530890
17,chisec,15.8167,-90.2833,32.13,52,73,2.22,GT,1691530890
18,pathein,16.7833,94.7333,25.73,89,100,4.05,MM,1691530890
19,iqaluit,63.7506,-68.5145,5.85,86,75,4.12,CA,1691530561
20,tual,-5.6667,132.75,25.5,79,69,8.94,ID,1691530890
21,wailua homesteads,22.0669,-159.378,32.24,75,100,7.72,US,1691530382
22,krasnyy yar,46.5331,48.3456,28.96,35,22,2.56,RU,1691530891
23,dudinka,69.4058,86.1778,15.81,64,71,1.04,RU,1691530576
24,yuzhno-kurilsk,44.0306,145.8556,17.97,100,100,2.97,RU,1691530591
25,albany,42.6001,-73.9662,22.53,85,82,0.45,US,1691530562
26,cradock,-32.1642,25.6192,11.03,81,79,3.69,ZA,1691530891
27,la grande,45.3246,-118.0877,28.46,45,86,1.8,US,1691530755
28,petrov val,50.1434,45.2096,26.86,35,82,3.98,RU,1691530892
29,kulim,5.365,100.5618,25.86,91,100,1.33,MY,1691530892
30,serdar,38.9764,56.2757,29.77,25,0,2.47,TM,1691530892
31,adamstown,-25.066,-130.1015,22.34,87,92,15.35,PN,1691530555
32,haiku-pauwela,20.9219,-156.3051,30.01,54,20,10.29,US,1691530475
33,mukalla,14.5425,49.1242,28.06,78,28,1.5,YE,1691530893
34,gadzhiyevo,69.2551,33.3362,17.19,81,1,5.03,RU,1691530599
35,hamilton,39.1834,-84.5333,28.84,53,75,4.12,US,1691530830
36,iskateley,67.6803,53.1512,9.52,74,87,0.67,RU,1691530574
37,port mathurin,-19.6833,63.4167,22.44,65,14,9.9,MU,1691530554
38,edinburgh of the seven seas,-37.0676,-12.3116,12.18,90,100,12.77,SH,1691530339
39,urumqi,43.801,87.6005,17.53,94,0,0.0,CN,1691530894
40,padang,-0.9492,100.3543,24.03,87,98,1.77,ID,1691530894
41,plettenberg bay,-34.0527,23.3716,14.23,82,90,1.22,ZA,1691530894
42,whitehorse,60.7161,-135.0538,17.43,67,75,5.66,CA,1691530521
43,ust-nera,64.5667,143.2,14.53,55,84,0.96,RU,1691530565
44,nemuro,43.3236,145.575,18.33,100,100,5.59,JP,1691530402
45,yellowknife,62.456,-114.3525,21.29,46,20,7.72,CA,1691530353
46,georgetown,5.4112,100.3354,26.64,95,20,1.54,MY,1691530445
47,vila velha,-20.3297,-40.2925,23.97,89,20,6.69,BR,1691530895
48,papao,-17.75,-149.55,24.82,90,99,6.69,PF,1691530584
49,alice springs,-23.7,133.8833,7.75,66,0,2.57,AU,1691530596
50,guerrero negro,27.9769,-114.0611,29.15,60,91,7.03,MX,1691530585
51,kruisfontein,-34.0033,24.7314,13.27,88,90,0.3,ZA,1691530896
52,port elizabeth,-33.918,25.5701,15.16,94,75,3.6,ZA,1691530564
53,grytviken,-54.2811,-36.5092,-3.43,80,31,3.76,GS,1691530555
54,saldanha,-33.0117,17.9442,10.03,85,0,5.69,ZA,1691530507
55,yacuiba,-22.038,-63.6797,18.91,42,0,1.63,BO,1691530897
56,invercargill,-46.4,168.35,5.57,92,94,6.26,NZ,1691530556
57,ushuaia,-54.8,-68.3,3.81,75,40,1.03,AR,1691530296
58,nova sintra,14.8667,-24.7167,22.62,74,46,6.29,CV,1691530353
59,mount pearl,47.5166,-52.7813,14.69,84,75,3.6,CA,1691530523
60,vorgashor,67.5833,63.95,9.05,75,100,2.97,RU,1691530564
61,new norfolk,-42.7826,147.0587,3.72,95,41,1.39,AU,1691530586
62,banda aceh,5.5577,95.3222,27.02,76,100,3.49,ID,1691530573
63,saipan,15.1355,145.701,28.14,100,20,0.0,MP,1691530560
64,ribas do rio pardo,-20.4431,-53.7592,28.35,28,3,2.45,BR,1691530898
65,qaqortoq,60.7167,-46.0333,5.89,85,9,2.43,GL,1691530568
66,chibougamau,49.9168,-74.3659,13.79,94,100,4.12,CA,1691530320
67,bredasdorp,-34.5322,20.0403,9.18,88,0,1.47,ZA,1691530461
68,barra de santo antonio,-9.4047,-35.5072,24.6,84,17,3.9,BR,1691530899
69,kapan,39.2075,46.4058,24.14,59,0,2.18,AM,1691530899
70,sinop,41.7711,34.8709,17.74,92,36,1.9,TR,1691530594
71,waitangi,-43.9535,-176.5597,8.23,95,100,0.45,NZ,1691530555
72,chonchi,-42.6128,-73.8092,10.56,98,100,2.36,CL,1691530575
73,naryn,41.4287,75.9911,11.18,57,53,0.34,KG,1691530900
74,punta arenas,-53.15,-70.9167,1.56,85,88,2.23,CL,1691530555
75,griffith,41.5284,-87.4237,27.92,53,100,5.14,US,1691530900
76,tasova,40.7597,36.3225,21.69,89,93,2.17,TR,1691530900
77,kashgar,39.4547,75.9797,25.56,27,20,4.0,CN,1691530900
78,stromyn',56.05,38.4833,19.01,96,97,2.47,RU,1691530900
79,nouadhibou,20.931,-17.0347,21.99,88,0,6.69,MR,1691530602
80,kirkwall,58.9848,-2.9587,11.03,66,100,9.26,GB,1691530901
81,irituia,-1.7711,-47.4381,24.39,94,69,1.81,BR,1691530901
82,vilyuchinsk,52.9306,158.4028,12.15,55,53,2.03,RU,1691530562
83,ribeira grande,38.5167,-28.7,24.32,88,40,9.39,PT,1691530378
84,glace bay,46.1969,-59.957,19.32,85,75,6.69,CA,1691530901
85,azul,-36.777,-59.8585,6.64,70,91,3.28,AR,1691530609
86,merizo village,13.2658,144.6691,27.31,97,100,6.21,GU,1691530902
87,lihue,21.9789,-159.3672,32.58,68,100,7.72,US,1691530578
88,muroto-misakicho,33.2833,134.15,27.83,89,97,10.84,JP,1691530902
89,daugavpils,55.8833,26.5333,10.73,83,46,2.39,LV,1691530902
90,nar'yan-mar,67.6713,53.087,9.6,74,84,0.72,RU,1691530903
91,zouerate,22.7187,-12.4521,32.38,21,0,5.84,MR,1691530585
92,sitka,57.0531,-135.33,14.94,82,100,4.63,US,1691530355
93,as sulayyil,20.4607,45.5779,33.14,9,7,3.05,SA,1691530903
94,agat village,13.3886,144.6585,27.52,94,75,1.54,GU,1691530903
95,miyaly,48.8844,53.7836,26.22,41,0,2.56,KZ,1691530904
96,kyren,51.6828,102.1408,17.43,97,100,1.08,RU,1691530904
97,kupang,-10.1667,123.5833,22.88,74,10,4.58,ID,1691530904
98,tomatlan,19.9333,-105.25,33.47,62,21,5.28,MX,1691530904
99,grand forks,47.9417,-97.4337,25.85,53,75,6.69,US,1691530787
100,ilulissat,69.2167,-51.1,6.62,56,100,1.21,GL,1691530554
101,andergrove,-21.0833,149.1833,19.25,83,12,6.83,AU,1691530905
102,sao francisco do sul,-26.2433,-48.6381,15.95,94,100,1.03,BR,1691530643
103,moranbah,-22.0016,148.0466,15.03,80,1,6.56,AU,1691530785
104,sao geraldo do araguaia,-6.4006,-48.555,32.66,30,46,0.75,BR,1691530905
105,paradip garh,20.3167,86.6167,27.76,74,100,3.78,IN,1691530905
106,yacimiento rio turbio,-51.5732,-72.3508,-1.36,99,99,1.32,AR,1691530906
107,oriximina,-1.7656,-55.8661,31.07,45,95,1.79,BR,1691530647
108,namibe,-15.1961,12.1522,17.49,86,86,1.28,AO,1691530567
109,grand haven,43.0631,-86.2284,27.31,76,75,3.6,US,1691530632
110,babana,10.4295,3.815,22.59,96,93,2.48,NG,1691530906
111,karratha,-20.7377,116.8463,20.55,38,0,3.86,AU,1691530799
112,utrik,11.2278,169.8474,28.43,73,59,6.17,MH,1691530560
113,ancud,-41.8697,-73.8203,10.05,95,100,4.94,CL,1691530554
114,kodiak,57.79,-152.4072,13.73,88,75,2.06,US,1691530558
115,tazovsky,67.4667,78.7,8.76,97,100,4.32,RU,1691530385
116,savoy,45.5,6.4167,12.54,10,91,1.98,FR,1691530907
117,bhinmal,25.0,72.25,26.69,79,98,6.96,IN,1691530908
118,pervari,37.9357,42.5493,25.92,28,0,2.65,TR,1691530908
119,hammerfest,70.6634,23.6821,23.25,73,0,1.03,NO,1691530908
120,enewetak,11.3474,162.3373,28.67,76,98,7.08,MH,1691530490
121,san isidro,-12.1167,-77.05,21.77,68,20,6.69,PE,1691530908
122,mohr,54.3528,9.7167,12.84,89,95,5.66,DE,1691530892
123,naze,28.3667,129.4833,25.51,92,100,11.32,JP,1691530581
124,lompoc,34.6391,-120.4579,25.47,72,75,3.09,US,1691530294
125,myeik,12.4333,98.6,26.09,89,100,3.71,MM,1691530909
126,santa cruz,-17.8,-63.1667,28.03,32,0,5.66,BO,1691530762
127,aasiaat,68.7098,-52.8699,4.52,70,50,1.84,GL,1691530337
128,mount gambier,-37.8333,140.7667,6.6,69,0,4.83,AU,1691530555
129,longyearbyen,78.2186,15.6401,8.91,71,0,4.12,SJ,1691530346
130,tazacorte,28.629,-17.9293,23.42,90,0,1.03,ES,1691530337
131,egilsstadir,65.2653,-14.3948,7.95,76,20,5.14,IS,1691530910
132,hithadhoo,-0.6,73.0833,27.36,75,100,2.26,MV,1691530557
133,thisted,56.9552,8.6949,13.41,84,100,15.58,DK,1691530910
134,horta,38.5333,-28.6333,23.9,89,40,8.49,PT,1691530910
135,selfoss,63.9331,-20.9971,11.69,83,79,0.76,IS,1691530442
136,necochea,-38.5473,-58.7368,7.13,73,88,4.76,AR,1691530911
137,udachny,66.4167,112.4,15.25,67,10,1.81,RU,1691530563
138,ad dawadimi,24.5077,44.3924,30.64,10,2,3.69,SA,1691530911
139,hirtshals,57.5881,9.9592,13.09,82,100,16.61,DK,1691530911
140,taunggyi,20.7833,97.0333,16.62,95,100,1.79,MM,1691530578
141,pointe-noire,-4.7761,11.8635,23.04,88,75,1.54,CG,1691530912
142,prince rupert,54.3161,-130.3201,16.05,96,100,6.69,CA,1691530912
143,severo-yeniseyskiy,60.3725,93.0408,9.64,97,66,1.89,RU,1691530602
144,tommot,58.9564,126.2925,15.43,64,18,1.67,RU,1691530912
145,kourou,5.1552,-52.6478,29.03,84,80,3.94,GF,1691530912
146,labuan,5.2767,115.2417,24.2,94,20,0.0,MY,1691530792
147,colgong,25.2667,87.2167,25.27,95,100,2.62,IN,1691530913
148,khilok,51.3674,110.4676,13.1,92,100,1.69,RU,1691530913
149,puerto natales,-51.7236,-72.4875,1.64,99,100,0.92,CL,1691530333
150,urkarakh,42.163,47.6307,19.62,67,5,2.98,RU,1691530913
151,jamestown,42.097,-79.2353,23.07,71,40,7.2,US,1691530493
152,port lincoln,-34.7333,135.8667,12.4,44,0,8.99,AU,1691530557
153,pacific grove,36.6177,-121.9166,23.14,77,0,6.17,US,1691530914
154,umm kaddadah,13.6017,26.6876,27.37,61,59,2.65,SD,1691530914
155,rikaze,29.25,88.8833,14.0,63,97,1.24,CN,1691530914
156,mar del plata,-38.0023,-57.5575,11.16,73,0,5.66,AR,1691530370
157,iquitos,-3.7481,-73.2472,24.02,73,75,5.66,PE,1691530914
158,maxixe,-23.8597,35.3472,18.89,76,10,3.89,MZ,1691530915
159,yulin,22.6333,110.15,24.67,95,55,1.8,CN,1691530915
160,cabo san lucas,22.8909,-109.9124,37.17,41,20,7.72,MX,1691530559
161,vallegrande,-18.4897,-64.1069,16.7,68,7,3.24,BO,1691530915
162,kulhudhuffushi,6.6221,73.07,27.71,78,100,5.83,MV,1691530915
163,kirakira,-10.4544,161.9205,26.12,86,100,3.76,SB,1691530916
164,valparaiso,-33.0393,-71.6273,15.56,81,100,3.09,CL,1691530579
165,la rinconada,37.4873,-5.9826,32.1,47,0,3.6,ES,1691530916
166,lebu,-37.6167,-73.65,12.3,70,100,3.78,CL,1691530375
167,commerce,34.0006,-118.1598,35.46,49,0,6.17,US,1691530854
168,hawaiian paradise park,19.5933,-154.9731,28.73,73,0,4.12,US,1691530557
169,olyokminsk,60.3736,120.4264,17.61,78,66,1.81,RU,1691530589
170,nishinoomote,30.7333,131.0,27.25,90,100,21.79,JP,1691530917
171,wynyard,-41.0,145.7167,7.51,89,86,1.78,AU,1691530833
172,kidal,18.4411,1.4078,28.91,49,85,8.29,ML,1691530917
173,carnarvon,-24.8667,113.6333,17.1,84,5,6.54,AU,1691530569
174,kamaishi,39.2667,141.8833,26.75,89,56,4.49,JP,1691530917
175,czaplinek,53.5578,16.2333,10.42,90,99,5.21,PL,1691530877
176,talnakh,69.4865,88.3972,16.73,62,94,1.03,RU,1691530571
177,arteche,12.2645,125.4048,26.67,84,91,2.87,PH,1691530918
178,ndele,8.4109,20.6473,21.01,96,90,1.27,CF,1691530918
179,oranjemund,-28.55,16.4333,12.37,92,3,5.16,NA,1691530918
180,sungai penuh,-2.0833,101.3833,17.24,97,81,1.14,ID,1691530919
181,el calafate,-50.3408,-72.2768,2.21,88,33,2.65,AR,1691530824
182,las tablas,7.7667,-80.2833,28.22,76,100,1.63,PA,1691530919
183,east london,-33.0153,27.9116,17.42,76,100,5.15,ZA,1691530356
184,kapuskasing,49.4169,-82.4331,26.05,50,75,3.09,CA,1691530554
185,pauini,-7.7136,-66.9764,30.99,52,91,0.69,BR,1691530920
186,zhezqazghan,47.7833,67.7667,25.77,35,45,2.22,KZ,1691530920
187,sydney mines,46.2367,-60.2177,19.44,86,75,6.69,CA,1691530920
188,saint-joseph,-21.3667,55.6167,18.21,76,33,3.31,RE,1691530921
189,afaahiti,-17.75,-149.2833,23.93,88,98,6.56,PF,1691530921
190,manokwari,-0.8667,134.0833,25.55,76,69,1.61,ID,1691530873
191,tamandare,-8.7597,-35.1047,23.85,84,17,3.44,BR,1691530921
192,itoman,26.1247,127.6694,27.43,91,75,5.66,JP,1691530558
193,dunedin,-45.8742,170.5036,7.11,73,99,3.58,NZ,1691530291
194,visby,57.6409,18.296,13.79,88,13,7.2,SE,1691530922
195,mejit,10.2753,170.8646,28.27,73,85,6.37,MH,1691530574
196,grossenluder,50.5925,9.5423,15.32,79,97,4.15,DE,1691530922
197,thunder bay,48.4001,-89.3168,20.99,78,100,2.06,CA,1691530443
198,lerwick,60.1545,-1.1494,10.0,79,100,13.8,GB,1691530586
199,margaret river,-33.95,115.0667,10.91,64,5,3.24,AU,1691530576
200,panjab,34.388,67.0233,11.81,45,0,2.46,AF,1691530923
201,kingston,17.997,-76.7936,32.53,76,20,9.77,JM,1691530448
202,kunashak,55.7032,61.5498,18.61,89,100,3.39,RU,1691530923
203,rio gallegos,-51.6226,-69.2181,2.03,87,0,4.12,AR,1691530924
204,port augusta,-32.5,137.7667,8.41,49,0,4.22,AU,1691530579
205,vrangel',42.7297,133.0839,19.08,98,100,3.23,RU,1691530924
206,midvagur,62.0511,-7.1939,8.46,81,100,11.32,FO,1691530924
207,sola,-13.8833,167.55,24.37,88,100,5.14,VU,1691530563
208,fada,9.5667,8.3,19.84,99,83,1.55,NG,1691530595
209,hilo,19.7297,-155.09,29.04,59,0,4.12,US,1691530745
210,susuman,62.7833,148.1667,8.58,55,95,0.26,RU,1691530579
211,onega,63.9061,38.1404,14.8,77,0,3.84,RU,1691530590
212,dakhla,23.6848,-15.958,22.01,88,0,6.17,EH,1691530925
213,stanley,54.868,-1.6985,12.81,72,0,3.09,GB,1691530321
214,santa terezinha,-29.9002,-50.0904,16.04,69,100,7.69,BR,1691530926
215,boyolangu,-8.1181,111.8935,20.25,94,26,0.83,ID,1691530558
216,papatowai,-46.5619,169.4708,5.45,86,100,7.76,NZ,1691530577
217,menongue,-14.6585,17.691,14.06,42,7,1.53,AO,1691530926
218,ivano-frankove,49.9167,23.7333,10.68,89,37,2.48,UA,1691530926
219,la passe,45.5549,-0.8967,19.13,64,17,3.73,FR,1691530601
220,dickinson,29.4608,-95.0513,39.52,60,75,7.72,US,1691530856
221,kitee,62.1,30.15,19.21,86,34,0.81,FI,1691530927
222,magadan,59.5667,150.8,11.83,58,11,0.94,RU,1691530927
223,sao jose da coroa grande,-8.8978,-35.1478,24.0,83,21,3.77,BR,1691530566
224,richards bay,-28.783,32.0377,17.17,86,0,1.96,ZA,1691530927
225,burang,30.25,81.1667,11.84,75,98,1.89,CN,1691530928
226,sao felix do xingu,-6.6447,-51.995,31.73,30,62,0.6,BR,1691530928
227,porto cristo,39.5395,3.333,24.07,63,0,3.26,ES,1691530928
228,loncoche,-39.3667,-72.6333,10.74,88,100,1.22,CL,1691530928
229,maych'ew,12.7875,39.5422,16.16,74,37,0.68,ET,1691530929
230,ngetkib,7.3645,134.5148,26.93,83,100,7.71,PW,1691530929
231,kerikeri,-35.2268,173.9474,9.39,94,21,0.45,NZ,1691530554
232,isafjordur,66.0755,-23.124,10.98,60,24,1.17,IS,1691530558
233,mahina,-17.5065,-149.489,24.87,88,75,3.09,PF,1691530929
234,oroqen zizhiqi,50.5667,123.7167,13.8,97,100,1.59,CN,1691530930
235,hengchun,22.0042,120.7439,28.15,81,99,8.52,TW,1691530930
236,sept-iles,50.2001,-66.3821,15.59,96,100,6.17,CA,1691530792
237,madera,37.1666,-119.8343,37.53,23,0,3.56,US,1691530856
238,west island,-12.1568,96.8225,24.99,83,75,5.14,CC,1691530561
239,nadi,-17.8,177.4167,26.0,65,20,4.63,FJ,1691530459
240,fale old settlement,-9.3852,-171.2468,27.95,76,94,5.41,TK,1691530337
241,tsiombe,-25.3,45.4833,19.99,86,1,4.76,MG,1691530589
242,arkalyk,50.2486,66.9114,22.51,32,91,3.72,KZ,1691530931
243,pisco,-13.7,-76.2167,22.03,68,0,6.69,PE,1691530579
244,port douglas,-16.4833,145.4667,20.67,79,83,5.24,AU,1691530931
245,mugia,43.1041,-9.2179,21.62,70,0,2.6,ES,1691530931
246,nikolayevsk-on-amure,53.1406,140.73,16.18,80,100,1.51,RU,1691530580
247,watsa,3.0372,29.5355,17.97,91,97,0.83,CD,1691530932
248,kununurra,-15.7667,128.7333,13.99,72,16,2.57,AU,1691530560
249,paphos,34.7667,32.4167,25.88,73,0,3.09,CY,1691530932
250,ciudad bolivar,8.1222,-63.5497,30.9,60,100,3.04,VE,1691530587
251,mosfellsbaer,64.1667,-21.7,12.73,71,20,3.09,IS,1691530933
252,saint louis,38.6334,-90.4001,31.48,54,40,1.54,US,1691530638
253,tolanaro,-25.0319,46.9987,20.04,88,20,5.14,MG,1691530554
254,shumikha,55.2261,63.2961,17.33,73,100,0.56,RU,1691530933
255,ebon,4.582,168.6964,27.41,76,92,3.01,MH,1691530933
256,minas de marcona,-15.2119,-75.1103,15.56,71,3,5.97,PE,1691530934
257,palikir - national government center,6.9248,158.1611,26.47,94,100,4.63,FM,1691530605
258,colchani,-20.3,-66.9333,8.17,27,0,3.28,BO,1691530934
259,hailar,49.2,119.7,13.04,86,8,1.58,CN,1691530934
260,vorkuta,67.5,64.0,9.33,75,100,3.06,RU,1691530596
261,kasongo-lunda,-6.4667,16.8167,25.29,35,13,1.39,CD,1691530582
262,kapa'a,22.0752,-159.319,32.99,75,100,7.72,US,1691530935
263,coronel dorrego,-38.7187,-61.2873,9.04,47,62,5.4,AR,1691530751
264,buba,11.5833,-15.0,25.34,95,100,1.95,GW,1691530935
265,prado,-17.3411,-39.2208,22.46,87,0,3.04,BR,1691530392
266,ban phan don,17.1427,102.9726,26.06,99,100,1.07,TH,1691530936
267,bubaque,11.2833,-15.8333,27.27,88,74,5.99,GW,1691530936
268,tuy hoa,13.0833,109.3,26.74,73,74,3.32,VN,1691530936
269,gao,16.6362,1.637,29.73,48,97,5.88,ML,1691530936
270,porto novo,6.4965,2.6036,24.68,88,22,3.61,BJ,1691530936
271,presque isle,46.6811,-68.0159,16.24,86,100,3.09,US,1691530728
272,shimonoseki,33.95,130.95,28.0,83,75,11.32,JP,1691530937
273,timbiqui,2.7717,-77.6654,27.05,84,95,2.83,CO,1691530937
274,priekule,56.4468,21.5897,13.62,83,56,4.78,LV,1691530937
275,noosa heads,-26.3833,153.15,14.5,78,67,6.66,AU,1691530140
276,rio grande,-32.035,-52.0986,15.06,74,90,7.04,BR,1691530529
277,hermanus,-34.4187,19.2345,11.56,82,0,5.32,ZA,1691530558
278,laguna,38.421,-121.4238,35.17,39,0,5.66,US,1691530594
279,arraial do cabo,-22.9661,-42.0278,21.92,83,100,4.63,BR,1691530559
280,happy valley-goose bay,53.3168,-60.3315,18.17,68,40,5.66,CA,1691530556
281,itigi,-5.7,34.4833,18.43,58,7,4.88,TZ,1691530938
282,saint-pierre,-21.3393,55.4781,18.82,72,0,2.57,RE,1691530579
283,san juan de miraflores,-12.1629,-76.9635,21.29,76,52,4.45,PE,1691530844
284,paraty,-23.2178,-44.7131,20.54,97,100,1.83,BR,1691530939
285,kimbe,-5.5502,150.1429,26.61,70,84,4.83,PG,1691530939
286,amarante do maranhao,-5.5667,-46.7422,29.93,34,22,1.77,BR,1691530939
287,veraval,20.9,70.3667,26.82,84,100,7.0,IN,1691530872
288,college,64.8569,-147.8028,21.22,80,100,3.09,US,1691530336
289,mariano,8.8333,125.1167,26.07,81,100,1.31,PH,1691530940
290,santa isabel,-23.3156,-46.2214,18.87,91,96,3.82,BR,1691530940
291,mata-utu,-13.2816,-176.1745,27.89,75,9,2.69,WF,1691530940
292,hell-ville,-13.4,48.2667,24.47,69,3,0.41,MG,1691530941
293,kayar,14.9192,-17.1211,28.11,73,10,5.25,SN,1691530941
294,anadyr,64.75,177.4833,10.28,81,75,8.0,RU,1691530581
295,victorica,-36.2151,-65.4359,12.73,37,3,5.0,AR,1691530941
296,st. john's,47.5649,-52.7093,15.15,84,75,4.02,CA,1691530488
297,kandahar,31.0,65.75,26.06,15,0,2.21,AF,1691530942
298,vila franca do campo,37.7167,-25.4333,23.23,86,21,2.26,PT,1691530864
299,san ildefonso,15.0809,120.941,28.32,93,100,0.61,PH,1691530942
300,san julian,21.0167,-102.1667,27.73,30,2,3.25,MX,1691530566
301,los llanos de aridane,28.6585,-17.9182,21.74,90,0,0.45,ES,1691530942
302,taro,-8.3862,115.28,21.03,94,55,0.73,ID,1691530943
303,kenai,60.5544,-151.2583,18.05,83,40,3.09,US,1691530933
304,port alfred,-33.5906,26.891,14.54,97,81,0.45,ZA,1691530576
305,dryden,49.7833,-92.7503,20.16,73,75,3.09,CA,1691530559
306,kone,-21.0595,164.8658,20.27,59,5,3.33,NC,1691530860
307,troitsko-pechorsk,62.7084,56.1964,11.47,79,69,2.3,RU,1691530945
308,belaya kholunitsa,58.84,50.8528,13.8,97,13,2.06,RU,1691530945
309,fort bragg,35.139,-79.006,32.91,47,20,7.2,US,1691530588
310,nako,31.8814,78.627,11.99,72,100,1.01,IN,1691530946
311,colonia,50.9333,6.95,16.44,84,75,4.12,DE,1691530200
312,chake chake,-5.2459,39.7666,23.46,84,3,5.17,TZ,1691530946
313,kambar,27.5868,68.001,33.48,53,91,6.42,PK,1691530946
314,leava,-14.3,-178.1667,27.43,73,28,0.81,WF,1691530947
315,grand baie,-20.0182,57.5802,22.47,70,2,1.34,MU,1691530947
316,tobelo,1.7284,128.0095,25.67,82,100,3.54,ID,1691530948
317,quimili,-27.6333,-62.4167,15.12,64,100,4.67,AR,1691530948
318,luderitz,-26.6481,15.1594,16.26,66,0,7.01,NA,1691530588
319,flying fish cove,-10.4217,105.6791,23.82,94,100,5.14,CX,1691530490
320,moose jaw,50.4001,-105.5344,23.15,35,75,4.12,CA,1691530523
321,weno,7.4515,151.8468,27.97,89,100,1.54,FM,1691530563
322,sorong,-0.8833,131.25,24.28,87,100,6.0,ID,1691530950
323,yabelo,4.8833,38.0833,17.96,56,92,4.22,ET,1691530575
324,flin flon,54.7682,-101.865,14.91,67,75,4.63,CA,1691530589
325,howard springs,-12.497,131.047,23.95,55,77,3.2,AU,1691530952
326,san patricio,28.017,-97.5169,38.4,48,0,8.97,US,1691530574
327,holly springs,35.6513,-78.8336,31.44,63,95,1.79,US,1691530953
328,tarfaya,27.9358,-12.9218,21.28,90,0,6.88,MA,1691530953
329,dzhalagash,45.0833,64.6667,26.64,36,1,3.36,KZ,1691530954
330,smarhon,54.4791,26.3934,13.06,68,93,3.2,BY,1691530955
331,badger,64.8,-147.5333,21.18,83,100,2.57,US,1691530583
332,grand falls-windsor,48.9332,-55.6649,15.84,78,100,2.03,CA,1691530956
333,brits,-25.6347,27.7802,12.62,24,4,2.14,ZA,1691530956
334,kimbo,10.4,-13.55,23.04,98,100,1.51,GN,1691530956
335,drayton valley,53.2168,-114.9854,18.34,81,100,3.81,CA,1691530858
336,san antonio de pale,-1.4014,5.6325,23.7,77,2,5.58,GQ,1691530371
337,pont rouge,48.8833,-72.0825,15.16,96,100,3.6,CA,1691530958
338,rio guayabal de yateras,20.3667,-75.0167,29.34,59,11,3.68,CU,1691530958
339,fortaleza,-3.7227,-38.5247,27.07,74,20,7.72,BR,1691530933
340,callao,-12.0667,-77.15,22.16,68,20,6.69,PE,1691530857
341,san carlos,9.6612,-68.5827,27.34,90,70,0.6,VE,1691530960
342,vernon,50.2581,-119.2691,28.5,36,100,1.03,CA,1691530552
343,klyuchi,52.2667,79.1667,18.37,46,42,0.72,RU,1691530559
344,altai,46.3722,96.2583,14.06,75,100,2.69,MN,1691530961
345,galliano,29.4422,-90.2992,36.0,55,0,4.63,US,1691530416
346,kansk,56.2017,95.7175,14.02,89,10,0.73,RU,1691530962
347,choma,-16.8065,26.9531,15.22,49,6,1.43,ZM,1691530962
348,liezen,47.5667,14.2333,13.71,87,60,1.95,AT,1691530962
349,kill devil hills,36.0307,-75.676,32.0,61,100,2.57,US,1691530948
350,santiago de cao,-7.9589,-79.2392,23.07,78,87,4.63,PE,1691530964
351,ilhabela,-23.7781,-45.3581,19.72,93,100,4.28,BR,1691530964
352,palmer,42.1584,-72.3287,25.65,76,100,5.66,US,1691530745
353,labrador city,52.9463,-66.9114,17.95,52,100,5.14,CA,1691530481
354,palu,-0.8917,119.8707,23.63,94,58,1.58,ID,1691530966
355,constantia,44.1833,28.65,14.38,66,46,3.79,RO,1691530445
356,konduga,11.6558,13.4213,26.62,73,99,2.56,NG,1691530966
357,wahpeton,46.2652,-96.6059,28.3,44,0,7.2,US,1691530967
358,bestobe,52.4994,73.0975,20.25,43,50,1.99,KZ,1691530967
359,el abiodh sidi cheikh,32.893,0.5484,30.83,16,4,2.31,DZ,1691530967
360,nerekhta,57.4588,40.5747,20.94,79,5,3.85,RU,1691530969
361,argo,37.6333,22.7333,27.66,63,12,2.38,GR,1691530970
362,alofi,-19.0595,-169.9187,26.94,89,75,4.12,NU,1691530878
363,port blair,11.6667,92.75,28.02,83,75,4.63,IN,1691530590
364,saint-pourcain-sur-sioule,46.3093,3.2879,15.42,62,74,1.43,FR,1691530971
365,teknaf,20.8624,92.3058,25.41,93,100,2.5,BD,1691530971
366,katsuura,35.1333,140.3,27.01,91,100,5.78,JP,1691530972
367,tura,25.5198,90.2201,23.3,98,100,2.31,IN,1691530972
368,westport,41.1415,-73.3579,26.99,69,100,5.66,US,1691530885
369,bonthe,7.5264,-12.505,25.35,88,76,4.19,SL,1691530584
370,santa ana,33.7456,-117.8678,37.29,53,75,6.69,US,1691530201
371,nampula,-15.1165,39.2666,15.95,82,6,1.92,MZ,1691530972
372,shuangjiang,26.1547,109.7138,22.41,98,67,0.88,CN,1691530973
373,novaya tavolzhanka,50.3512,36.8298,17.68,61,0,3.29,RU,1691530973
374,polyarnyy,69.1989,33.4478,17.02,81,2,5.11,RU,1691530567
375,uturoa,-16.7333,-151.4333,26.01,77,99,3.07,PF,1691530493
376,oban,56.4127,-5.4706,10.77,86,54,1.52,GB,1691530904
377,dzhambeyty,50.2536,52.595,23.56,40,12,3.29,KZ,1691530974
378,labytnangi,66.6572,66.4183,12.56,72,100,1.39,RU,1691530879
379,kuqa,41.7278,82.9364,25.43,31,10,2.47,CN,1691530974
380,byumba,-1.5763,30.0675,19.11,56,93,0.41,RW,1691530974
381,nekrasovskoye,57.6766,40.3657,20.94,73,0,3.0,RU,1691530974
382,sao gabriel da cachoeira,-0.1303,-67.0892,28.54,72,76,1.68,BR,1691530559
383,namsos,64.4662,11.4957,19.03,63,75,7.2,NO,1691530975
384,izyaslav,50.1195,26.8213,12.63,79,57,2.34,UA,1691530975
385,qarchi gak,37.04,66.7889,29.68,21,41,5.31,AF,1691530975
386,touros,-5.1989,-35.4608,24.53,83,92,5.05,BR,1691530595
387,dongola,19.1667,30.4833,37.4,27,9,4.65,SD,1691530975
388,huarmey,-10.0681,-78.1522,21.47,74,5,5.32,PE,1691530976
389,north bend,43.4065,-124.2243,29.02,64,0,9.77,US,1691530976
390,punta de bombon,-17.1717,-71.7931,17.98,79,5,2.78,PE,1691530976
391,penzance,50.1186,-5.5371,16.38,97,92,5.93,GB,1691530976
392,taksimo,56.3444,114.8794,17.93,65,13,0.35,RU,1691530977
393,belidzhi,41.8918,48.4125,27.04,64,0,2.45,RU,1691530977
394,buala,-8.145,159.5921,27.03,81,95,3.97,SB,1691530977
395,uklana,29.5167,75.8667,30.38,60,100,5.99,IN,1691530977
396,antonio enes,-16.2325,39.9086,21.24,73,3,3.4,MZ,1691530977
397,cerro largo,-28.1486,-54.7381,17.46,87,100,5.13,BR,1691530978
398,ambon,-3.6954,128.1814,25.6,15,3,6.72,ID,1691530978
399,santa rita,-7.1139,-34.9781,25.37,88,40,3.09,BR,1691530978
400,lingyuan,41.24,119.4011,19.1,92,0,1.72,CN,1691530978
401,al jawf,29.5,38.75,28.07,17,0,3.66,SA,1691530869
402,quepos,9.4236,-84.1652,27.58,82,100,0.67,CR,1691530978
403,sirte,31.2089,16.5887,25.84,68,0,4.31,LY,1691530557
404,shingu,33.7333,135.9833,26.54,94,84,4.3,JP,1691530593
405,petropavlovsk-kamchatsky,53.0452,158.6483,11.33,87,20,3.0,RU,1691530566
406,ofunato,39.0717,141.7167,26.6,91,49,2.89,JP,1691530979
407,tindouf,27.6711,-8.1474,41.25,11,20,2.57,DZ,1691530980
408,lubao,14.9167,120.55,27.84,90,95,1.69,PH,1691530980
409,aras-asan,8.8908,126.3033,25.77,84,99,2.41,PH,1691530980
410,golere,16.2557,-14.1017,34.18,25,3,3.31,SN,1691530982
411,waounde,15.2637,-12.8682,32.8,30,7,3.34,SN,1691530982
412,wamba,8.9333,8.6,21.87,95,53,0.41,NG,1691530984
413,alice,27.7523,-98.0697,39.94,40,20,9.26,US,1691530986
414,moyamba,8.1667,-12.4333,23.57,97,88,1.51,SL,1691530987
415,taraz,42.9,71.3667,17.23,88,75,2.0,KZ,1691530988
416,tari,12.4086,4.4914,25.1,84,97,2.76,NG,1691530991
417,tanumah,27.1,44.1333,30.62,10,0,3.74,SA,1691530992
418,pudur,13.0,79.15,28.01,64,100,1.58,IN,1691530993
419,jayrud,33.8074,36.7404,21.7,55,0,0.91,SY,1691530994
420,ciudad lazaro cardenas,17.9583,-102.2,31.78,70,2,5.65,MX,1691530578
421,sao joao da barra,-21.6403,-41.0511,23.05,88,15,7.29,BR,1691530836
422,molde,62.7375,7.1591,13.73,94,75,0.51,NO,1691530995
423,zheshart,62.0731,49.5733,13.59,90,71,1.41,RU,1691530995
424,kayyerkan,69.3786,87.7439,13.5,76,99,0.53,RU,1691530995
425,watertown,42.3709,-71.1828,28.16,74,40,5.14,US,1691530995
426,ahvaz,31.3203,48.6693,37.97,23,0,3.09,IR,1691530995
427,belawan,3.7755,98.6832,24.16,95,85,2.4,ID,1691530996
428,wanning,18.8003,110.3967,27.21,78,61,3.83,CN,1691530996
429,okha,53.5739,142.9478,15.32,85,92,3.52,RU,1691530996
430,floro,61.5996,5.0328,11.09,93,100,7.2,NO,1691530996
431,ixtapa,20.7,-105.2,33.46,75,75,3.6,MX,1691530996
432,daru,-9.0763,143.2092,24.42,80,62,6.96,PG,1691530880
433,abeche,13.8292,20.8324,24.1,81,92,2.36,TD,1691530997
434,al kharj,24.155,47.3346,35.32,10,22,2.9,SA,1691530997
435,gaiman,-43.2897,-65.4929,15.56,28,53,2.95,AR,1691530593
436,samaniego,1.3385,-77.5957,26.84,56,66,0.91,CO,1691530997
437,acapulco de juarez,16.8634,-99.8901,31.9,70,40,6.17,MX,1691530821
438,brookings,44.3114,-96.7984,26.32,53,20,5.66,US,1691531002
439,geraldton,-28.7667,114.6,10.23,100,75,3.09,AU,1691531002
440,niafunke,15.9322,-3.9906,35.86,29,86,4.07,ML,1691531003
441,robore,-18.3333,-59.75,31.05,51,3,0.0,BO,1691531006
442,trondheim,63.4305,10.3951,18.29,79,100,1.79,NO,1691531008
443,shahpur,16.7,76.8333,24.49,75,99,6.39,IN,1691531008
444,brookhaven,31.5791,-90.4407,35.14,47,100,2.68,US,1691531009
445,portland,45.5234,-122.6762,30.85,46,20,3.6,US,1691530230
446,queenstown,-31.8976,26.8753,9.68,84,79,1.98,ZA,1691530402
447,gumdag,39.2061,54.5906,31.15,22,0,1.79,TM,1691531009
448,ola,59.5833,151.2833,11.82,57,10,1.87,RU,1691530555
449,port saint john's,-31.6229,29.5448,18.26,72,92,4.54,ZA,1691531010
450,puerto deseado,-47.7503,-65.8938,10.8,48,63,10.67,AR,1691531010
451,erenhot,43.6475,111.9767,20.11,58,1,5.28,CN,1691531010
452,ironton,38.5368,-82.6829,28.84,56,75,1.54,US,1691531011
453,zalingei,12.9096,23.4741,21.95,86,53,1.52,SD,1691531011
454,diamantino,-14.4086,-56.4461,32.64,25,52,0.86,BR,1691530921
455,keelung,25.1283,121.7419,29.94,84,34,1.91,TW,1691531013
456,nguigmi,14.2495,13.1092,30.23,54,45,3.87,NE,1691531013
457,sai buri,6.7013,101.6168,24.97,87,99,1.58,TH,1691531013
458,novobod,39.0108,70.1508,19.73,40,0,0.62,TJ,1691531013
459,mirnyy,62.5353,113.9611,16.8,59,36,3.13,RU,1691530605
460,metlili chaamba,32.2667,3.6333,35.52,12,0,2.06,DZ,1691530563
461,guanhaes,-18.775,-42.9325,18.94,53,0,1.91,BR,1691531014
462,barmer,25.75,71.3833,27.11,72,80,8.26,IN,1691530833
463,san borja,-14.8167,-66.85,29.4,48,6,0.74,BO,1691531014
464,huancabamba,-5.2386,-79.4506,19.36,66,75,2.39,PE,1691531014
465,broken hill,-31.95,141.4333,9.98,56,6,4.1,AU,1691530598
466,kalajoki,64.25,23.95,17.17,76,0,3.95,FI,1691531015
467,turpan,42.9333,89.1667,30.39,34,1,1.4,CN,1691531015
468,guadalajara,20.6667,-103.3333,29.87,37,20,2.06,MX,1691530467
469,bayeux,-7.125,-34.9322,25.35,88,40,3.09,BR,1691530922
470,grande prairie,55.1667,-118.8027,21.1,64,75,4.63,CA,1691530784
471,peace river,56.2501,-117.286,18.17,94,100,2.57,CA,1691530562
472,novodvinsk,64.4165,40.8122,13.72,92,6,2.26,RU,1691531016
473,yahyali,38.1023,35.357,24.65,58,3,0.54,TR,1691531016
474,novovorontsovka,47.5004,33.9175,17.46,78,49,11.14,UA,1691531016
475,polovinnoye,54.7914,65.9864,18.23,64,100,2.24,RU,1691531016
476,coahuayana de hidalgo,18.7,-103.6583,33.1,65,43,3.41,MX,1691530576
477,llorente,11.4119,125.5458,26.7,83,100,2.15,PH,1691531017
478,rabo de peixe,37.8,-25.5833,22.73,83,20,4.12,PT,1691531017
479,pestovo,58.5938,35.8024,18.01,99,84,1.64,RU,1691531017
480,xiangxiang,27.7333,112.5333,26.56,95,100,1.73,CN,1691531017
481,birzebbuga,35.8258,14.5269,23.38,64,20,2.06,MT,1691531018
482,pirallahi,40.4723,50.333,27.08,58,0,2.84,AZ,1691531018
483,berdigestyakh,62.0989,126.6992,15.26,60,22,2.82,RU,1691530563
484,kapit,2.0167,112.9333,22.71,100,70,0.59,MY,1691531018
485,ta'if,21.2703,40.4158,27.56,15,0,5.64,SA,1691531019
486,kalabo,-14.97,22.6814,16.5,34,3,2.36,ZM,1691531019
487,yelizovo,53.1873,158.3805,14.08,76,20,3.13,RU,1691531019
488,linhai,28.85,121.1167,27.18,80,22,1.19,CN,1691531020
489,vilyuysk,63.7553,121.6247,15.24,51,12,3.08,RU,1691531020
490,sovetskaya gavan',48.9723,140.2878,15.43,88,99,0.72,RU,1691531020
491,praia da vitoria,38.7333,-27.0667,24.14,83,20,5.94,PT,1691530572
492,hadibu,12.65,54.0333,25.66,80,97,8.28,YE,1691530557
493,ghadamis,30.1337,9.5007,30.98,31,0,7.98,LY,1691531021
494,satipo,-11.2522,-74.6386,26.05,70,79,1.18,PE,1691531021
495,kani keli,-12.9536,45.1033,23.59,74,1,6.06,YT,1691531021
496,kendari,-3.945,122.4989,22.39,92,99,1.17,ID,1691531022
497,cannonvale,-20.2833,148.7,18.66,81,11,6.78,AU,1691531022
498,saynshand,44.8824,110.1163,20.36,55,19,4.1,MN,1691530586
499,puerto santa,-8.9906,-78.6456,20.92,78,60,5.82,PE,1691531022
500,mangrol,21.1167,70.1167,26.98,83,100,7.31,IN,1691531022
501,paoua,7.2427,16.4406,20.51,96,97,1.71,CF,1691531023
502,sheksna,59.21,38.5107,18.93,74,18,3.95,RU,1691531023
503,mecitozu,40.52,35.2953,18.27,91,13,2.31,TR,1691531023
504,martapura,-3.4167,114.85,22.05,100,34,0.51,ID,1691531024
505,moapa valley,36.5805,-114.4703,40.86,7,0,4.1,US,1691531024
506,nadym,65.5333,72.5167,11.48,80,100,8.21,RU,1691531024
507,maintirano,-18.0667,44.0167,22.22,78,1,5.27,MG,1691531024
508,ibarreta,-25.2144,-59.8585,17.31,74,93,3.48,AR,1691531025
509,puerto ayacucho,5.6639,-67.6236,28.67,77,56,1.23,VE,1691530556
510,tupiza,-21.45,-65.7167,17.16,7,0,9.41,BO,1691531025
511,san luis de la loma,17.2706,-100.8939,31.39,74,26,4.37,MX,1691530580
512,emerald,-23.5333,148.1667,14.55,66,0,2.77,AU,1691530756
513,antofagasta,-23.65,-70.4,17.6,76,19,3.71,CL,1691530924
514,meybod,32.2501,54.0166,31.01,24,93,6.28,IR,1691531026
515,paramonga,-10.6667,-77.8333,20.24,77,15,5.36,PE,1691530590
516,san lorenzo,-25.3333,-57.5333,21.52,78,75,2.24,PY,1691530946
517,yorosso,12.3536,-4.7761,22.1,91,98,2.08,ML,1691531027
518,burdur,37.7203,30.2908,23.39,60,0,9.26,TR,1691531027
519,riberalta,-10.9833,-66.1,35.11,43,75,2.06,BO,1691531027
520,yigo village,13.5361,144.8886,26.62,93,40,3.6,GU,1691531027
521,torghay,49.6339,63.4981,24.91,44,77,2.31,KZ,1691531028
522,rockport,28.0206,-97.0544,34.49,74,0,8.75,US,1691531028
523,preobrazheniye,42.9019,133.9064,18.58,96,100,5.69,RU,1691531028
524,balqash,46.8481,74.995,21.98,67,83,1.73,KZ,1691531028
525,usinsk,65.9939,57.5281,10.72,81,100,3.7,RU,1691531029
526,aracuai,-16.8497,-42.0703,27.27,31,13,3.75,BR,1691531029
527,ati,13.2154,18.3353,26.57,75,100,1.3,TD,1691531029
528,puerto aysen,-45.4,-72.7,10.02,71,75,3.09,CL,1691531030
529,nema,57.5067,50.5011,13.71,96,1,2.75,RU,1691531030
530,auki,-8.7676,160.7034,25.76,86,97,2.15,SB,1691531030
531,umluj,25.0213,37.2685,32.57,44,0,1.13,SA,1691531031
532,severobaykal'sk,55.65,109.3167,14.99,69,43,2.37,RU,1691531031
533,ojinaga,29.5667,-104.4167,43.65,25,0,0.0,MX,1691531031
534,cidreira,-30.1811,-50.2056,16.15,68,100,8.42,BR,1691531031
535,sejny,54.108,23.347,11.06,72,55,3.58,PL,1691531032
536,nyrob,60.733,56.7202,14.18,92,9,1.8,RU,1691531032
537,inirida,3.8653,-67.9239,29.4,74,29,0.85,CO,1691531032
538,cide,41.8921,33.0044,22.79,81,34,1.79,TR,1691531032
539,soissons,49.3333,3.3333,17.59,81,100,1.56,FR,1691531033
540,marsh harbour,26.5412,-77.0636,30.35,68,20,2.31,BS,1691531033
541,kinablangan,7.6947,126.5503,26.17,81,100,1.56,PH,1691531033
542,dhuusamarreeb,5.535,46.3861,23.67,68,87,10.26,SO,1691531033
543,keflavik,64.0049,-22.5624,12.95,87,40,4.63,IS,1691530584
544,lorengau,-2.0226,147.2712,27.47,79,95,6.97,PG,1691530571
545,nuuk,64.1835,-51.7216,8.34,76,40,2.57,GL,1691531034
546,sierra vista southeast,31.4539,-110.2164,35.57,30,75,4.63,US,1691531034
547,mersing,2.4312,103.8405,22.95,100,20,2.06,MY,1691531034
548,elko,41.0002,-115.5012,27.31,20,11,6.71,US,1691530758
549,sechura,-5.5569,-80.8222,26.16,62,94,7.47,PE,1691531035
550,dalbandin,28.8947,64.4101,29.78,14,0,3.07,PK,1691531035
551,noshiro,40.2039,140.0242,28.15,75,88,2.2,JP,1691530574
552,petrolina,-9.3986,-40.5008,30.03,35,0,3.6,BR,1691530850
553,mendoza,-32.8908,-68.8272,17.74,17,0,2.06,AR,1691531036
554,pennathur,12.25,79.2333,27.47,70,100,2.13,IN,1691531036
555,carutapera,-1.195,-46.02,25.72,83,57,3.75,BR,1691531036
556,oltinko'l,40.8011,72.1634,24.23,44,31,1.69,UZ,1691531036
557,lazaro cardenas,17.9583,-102.2,31.78,70,2,5.65,MX,1691531027
558,otjimbingwe,-22.35,16.1333,19.88,23,96,1.11,NA,1691531037
559,phongsali,21.6833,102.1058,17.24,100,100,0.7,LA,1691531037
560,sao goncalo dos campos,-12.4333,-38.9667,19.92,86,8,2.4,BR,1691531037
561,kismayo,-0.3582,42.5454,24.29,84,43,7.07,SO,1691530562
562,priozersk,61.0393,30.1291,17.75,91,48,1.87,RU,1691531037
563,kristiansund,63.1115,7.732,13.03,94,100,1.54,NO,1691530587
